{"cameraMode":{"drawMode":0,"name":"Shaded","section":"Shading Mode"},"sceneLighting":false,"audioPlay":false,"sceneViewState":{"m_AlwaysRefresh":false,"showFog":true,"showSkybox":false,"showFlares":true,"showImageEffects":true,"showParticleSystems":true,"showVisualEffectGraphs":true,"m_FxEnabled":true},"in2DMode":false,"pivot":{"x":0.4060492515563965,"y":19.291038513183595,"z":-10.03792953491211},"rotation":{"x":-0.06429730355739594,"y":0.13115990161895753,"z":0.003831160720437765,"w":0.990679919719696},"size":12.417326927185059,"orthographic":false}