{"cameraMode":{"drawMode":0,"name":"Shaded","section":"Shading Mode"},"sceneLighting":false,"audioPlay":false,"sceneViewState":{"m_AlwaysRefresh":false,"showFog":true,"showSkybox":false,"showFlares":true,"showImageEffects":true,"showParticleSystems":true,"showVisualEffectGraphs":true,"m_FxEnabled":true},"in2DMode":false,"pivot":{"x":-6.126166343688965,"y":18.004743576049806,"z":-12.514188766479493},"rotation":{"x":-0.025544170290231706,"y":-0.9401385188102722,"z":0.33213940262794497,"w":-0.0723242238163948},"size":0.20686033368110658,"orthographic":false}