{"cameraMode":{"drawMode":0,"name":"Shaded","section":"Shading Mode"},"sceneLighting":true,"audioPlay":false,"sceneViewState":{"m_AlwaysRefresh":false,"showFog":true,"showSkybox":true,"showFlares":true,"showImageEffects":true,"showParticleSystems":true,"showVisualEffectGraphs":true,"m_FxEnabled":true},"in2DMode":false,"pivot":{"x":-7.779332160949707,"y":5.8989996910095219,"z":-26.189939498901368},"rotation":{"x":0.027384547516703607,"y":-0.9740797877311707,"z":0.1716938316822052,"w":0.15532439947128297},"size":29.36918067932129,"orthographic":false}