{"cameraMode":{"drawMode":0,"name":"Shaded","section":"Shading Mode"},"sceneLighting":true,"audioPlay":false,"sceneViewState":{"m_AlwaysRefresh":false,"showFog":true,"showSkybox":true,"showFlares":true,"showImageEffects":true,"showParticleSystems":true,"showVisualEffectGraphs":true,"m_FxEnabled":true},"in2DMode":false,"pivot":{"x":-17.81960105895996,"y":-77.63663482666016,"z":-189.20103454589845},"rotation":{"x":0.010640925727784634,"y":-0.9691857695579529,"z":0.24395912885665894,"w":0.03967064246535301},"size":105.80207061767578,"orthographic":false}