{"cameraMode":{"drawMode":0,"name":"Shaded","section":"Shading Mode"},"sceneLighting":true,"audioPlay":false,"sceneViewState":{"m_AlwaysRefresh":false,"showFog":true,"showSkybox":true,"showFlares":true,"showImageEffects":true,"showParticleSystems":true,"showVisualEffectGraphs":true,"m_FxEnabled":true},"in2DMode":false,"pivot":{"x":2.40472674369812,"y":18.295108795166017,"z":-15.566612243652344},"rotation":{"x":-0.03499247878789902,"y":0.9680472016334534,"z":-0.21146973967552186,"w":-0.13970410823822022},"size":3.3195571899414064,"orthographic":false}