{"cameraMode":{"drawMode":0,"name":"Shaded","section":"Shading Mode"},"sceneLighting":true,"audioPlay":false,"sceneViewState":{"m_AlwaysRefresh":false,"showFog":true,"showSkybox":true,"showFlares":true,"showImageEffects":true,"showParticleSystems":true,"showVisualEffectGraphs":true,"m_FxEnabled":true},"in2DMode":false,"pivot":{"x":-0.10919847339391709,"y":10.749000549316407,"z":-4.444397449493408},"rotation":{"x":-0.13125430047512055,"y":-0.7795662879943848,"z":0.17565147578716279,"w":-0.5886791944503784},"size":14.065543174743653,"orthographic":false}