{"cameraMode":{"drawMode":0,"name":"Shaded","section":"Shading Mode"},"sceneLighting":true,"audioPlay":false,"sceneViewState":{"m_AlwaysRefresh":false,"showFog":true,"showSkybox":true,"showFlares":true,"showImageEffects":true,"showParticleSystems":true,"showVisualEffectGraphs":true,"m_FxEnabled":true},"in2DMode":false,"pivot":{"x":2.567579984664917,"y":18.318042755126954,"z":-14.812980651855469},"rotation":{"x":-0.021432187408208848,"y":0.9542629718780518,"z":-0.2977387309074402,"w":-0.053354229778051379},"size":3.3195571899414064,"orthographic":false}