{"cameraMode":{"drawMode":0,"name":"Shaded","section":"Shading Mode"},"sceneLighting":true,"audioPlay":false,"sceneViewState":{"m_AlwaysRefresh":false,"showFog":true,"showSkybox":true,"showFlares":true,"showImageEffects":true,"showParticleSystems":true,"showVisualEffectGraphs":true,"m_FxEnabled":true},"in2DMode":false,"pivot":{"x":-2.845700740814209,"y":19.983097076416017,"z":-15.99089241027832},"rotation":{"x":0.0004977110074833036,"y":0.9990363121032715,"z":-0.04468768090009689,"w":0.011384873650968075},"size":8.586338996887207,"orthographic":false}