{"cameraMode":{"drawMode":0,"name":"Shaded","section":"Shading Mode"},"sceneLighting":true,"audioPlay":false,"sceneViewState":{"m_AlwaysRefresh":false,"showFog":true,"showSkybox":true,"showFlares":true,"showImageEffects":true,"showParticleSystems":true,"showVisualEffectGraphs":true,"m_FxEnabled":true},"in2DMode":false,"pivot":{"x":-16.217418670654298,"y":-138.83856201171876,"z":-295.2375183105469},"rotation":{"x":-0.006596591789275408,"y":0.9671831727027893,"z":-0.252738356590271,"w":-0.025237593799829484},"size":164.56072998046876,"orthographic":false}