{"cameraMode":{"drawMode":0,"name":"Shaded","section":"Shading Mode"},"sceneLighting":true,"audioPlay":false,"sceneViewState":{"m_AlwaysRefresh":false,"showFog":true,"showSkybox":true,"showFlares":true,"showImageEffects":true,"showParticleSystems":true,"showVisualEffectGraphs":true,"m_FxEnabled":true},"in2DMode":false,"pivot":{"x":-3.080702304840088,"y":15.45250129699707,"z":-17.519405364990236},"rotation":{"x":-0.02972756326198578,"y":0.9347648620605469,"z":-0.34572455286979678,"w":-0.07852113246917725},"size":10.287409782409668,"orthographic":false}