{"cameraMode":{"drawMode":0,"name":"Shaded","section":"Shading Mode"},"sceneLighting":true,"audioPlay":false,"sceneViewState":{"m_AlwaysRefresh":false,"showFog":true,"showSkybox":true,"showFlares":true,"showImageEffects":true,"showParticleSystems":true,"showVisualEffectGraphs":true,"m_FxEnabled":true},"in2DMode":false,"pivot":{"x":1.5373579263687134,"y":24.373991012573243,"z":-7.192181587219238},"rotation":{"x":-0.0014429223956540228,"y":-0.93284010887146,"z":0.36372292041778567,"w":-0.01687520369887352},"size":0.45527294278144839,"orthographic":false}