{"cameraMode":{"drawMode":0,"name":"Shaded","section":"Shading Mode"},"sceneLighting":true,"audioPlay":false,"sceneViewState":{"m_AlwaysRefresh":false,"showFog":true,"showSkybox":true,"showFlares":true,"showImageEffects":true,"showParticleSystems":true,"showVisualEffectGraphs":true,"m_FxEnabled":true},"in2DMode":false,"pivot":{"x":6.048316478729248,"y":17.543262481689454,"z":-11.664515495300293},"rotation":{"x":0.001786653185263276,"y":0.9640668034553528,"z":-0.2696976959705353,"w":0.020798154175281526},"size":3.3195571899414064,"orthographic":false}