{"cameraMode":{"drawMode":0,"name":"Shaded","section":"Shading Mode"},"sceneLighting":true,"audioPlay":false,"sceneViewState":{"m_AlwaysRefresh":false,"showFog":true,"showSkybox":true,"showFlares":true,"showImageEffects":true,"showParticleSystems":true,"showVisualEffectGraphs":true,"m_FxEnabled":true},"in2DMode":false,"pivot":{"x":-7.660704135894775,"y":-170.7500762939453,"z":-362.1351013183594},"rotation":{"x":-0.0019779379945248367,"y":0.9697291254997253,"z":-0.24410180747509004,"w":-0.007842786610126496},"size":218.38473510742188,"orthographic":false}