{"cameraMode":{"drawMode":0,"name":"Shaded","section":"Shading Mode"},"sceneLighting":true,"audioPlay":false,"sceneViewState":{"m_AlwaysRefresh":false,"showFog":true,"showSkybox":true,"showFlares":true,"showImageEffects":true,"showParticleSystems":true,"showVisualEffectGraphs":true,"m_FxEnabled":true},"in2DMode":false,"pivot":{"x":-4.903777599334717,"y":19.129783630371095,"z":-6.1579132080078129},"rotation":{"x":0.0060484991408884529,"y":-0.9879417419433594,"z":0.15476727485656739,"w":0.03475145250558853},"size":0.9305089116096497,"orthographic":false}