{"cameraMode":{"drawMode":0,"name":"Shaded","section":"Shading Mode"},"sceneLighting":true,"audioPlay":false,"sceneViewState":{"m_AlwaysRefresh":false,"showFog":true,"showSkybox":true,"showFlares":true,"showImageEffects":true,"showParticleSystems":true,"showVisualEffectGraphs":true,"m_FxEnabled":true},"in2DMode":false,"pivot":{"x":0.3678882122039795,"y":17.454837799072267,"z":-28.05390739440918},"rotation":{"x":0.0016674798680469394,"y":0.9962557554244995,"z":-0.019428862258791925,"w":0.08446287363767624},"size":14.10616397857666,"orthographic":false}