{"cameraMode":{"drawMode":0,"name":"Shaded","section":"Shading Mode"},"sceneLighting":false,"audioPlay":false,"sceneViewState":{"m_AlwaysRefresh":false,"showFog":true,"showSkybox":false,"showFlares":true,"showImageEffects":true,"showParticleSystems":true,"showVisualEffectGraphs":true,"m_FxEnabled":true},"in2DMode":false,"pivot":{"x":-0.06854256987571717,"y":0.19491350650787354,"z":0.01729273796081543},"rotation":{"x":-0.01143787894397974,"y":-0.9751460552215576,"z":0.21519562602043153,"w":-0.051818352192640308},"size":2.0171778202056886,"orthographic":false}