{"cameraMode":{"drawMode":0,"name":"Shaded","section":"Shading Mode"},"sceneLighting":false,"audioPlay":false,"sceneViewState":{"m_AlwaysRefresh":false,"showFog":true,"showSkybox":false,"showFlares":true,"showImageEffects":true,"showParticleSystems":true,"showVisualEffectGraphs":true,"m_FxEnabled":true},"in2DMode":false,"pivot":{"x":-34.90583038330078,"y":7.867753505706787,"z":1.6262879371643067},"rotation":{"x":0.15953250229358674,"y":-0.47560423612594607,"z":0.08979277312755585,"w":0.8615753054618836},"size":17.455116271972658,"orthographic":false}