{"cameraMode":{"drawMode":0,"name":"Shaded","section":"Shading Mode"},"sceneLighting":false,"audioPlay":false,"sceneViewState":{"m_AlwaysRefresh":false,"showFog":true,"showSkybox":false,"showFlares":true,"showImageEffects":true,"showParticleSystems":true,"showVisualEffectGraphs":true,"m_FxEnabled":true},"in2DMode":false,"pivot":{"x":6.283519268035889,"y":11.015484809875489,"z":4.788876533508301},"rotation":{"x":-0.022419868037104608,"y":-0.08417985588312149,"z":-0.001898223883472383,"w":0.9961976408958435},"size":14.863106727600098,"orthographic":false}