{"cameraMode":{"drawMode":0,"name":"Shaded","section":"Shading Mode"},"sceneLighting":false,"audioPlay":false,"sceneViewState":{"m_AlwaysRefresh":false,"showFog":true,"showSkybox":false,"showFlares":true,"showImageEffects":true,"showParticleSystems":true,"showVisualEffectGraphs":true,"m_FxEnabled":true},"in2DMode":false,"pivot":{"x":14.19836711883545,"y":23.89023780822754,"z":14.898750305175782},"rotation":{"x":0.09389325976371765,"y":-0.09899864345788956,"z":-0.009383788332343102,"w":-0.9906031489372253},"size":52.578155517578128,"orthographic":false}