{"cameraMode":{"drawMode":0,"name":"Shaded","section":"Shading Mode"},"sceneLighting":false,"audioPlay":false,"sceneViewState":{"m_AlwaysRefresh":false,"showFog":true,"showSkybox":false,"showFlares":true,"showImageEffects":true,"showParticleSystems":true,"showVisualEffectGraphs":true,"m_FxEnabled":true},"in2DMode":false,"pivot":{"x":15.190350532531739,"y":29.746103286743165,"z":22.87557029724121},"rotation":{"x":-0.048315297812223437,"y":0.6503042578697205,"z":-0.03633028268814087,"w":-0.7585658431053162},"size":46.860069274902347,"orthographic":false}