{"cameraMode":{"drawMode":0,"name":"Shaded","section":"Shading Mode"},"sceneLighting":false,"audioPlay":false,"sceneViewState":{"m_AlwaysRefresh":false,"showFog":true,"showSkybox":false,"showFlares":true,"showImageEffects":true,"showParticleSystems":true,"showVisualEffectGraphs":true,"m_FxEnabled":true},"in2DMode":false,"pivot":{"x":0.22399580478668214,"y":0.24212169647216798,"z":-0.28467464447021487},"rotation":{"x":-0.13077576458454133,"y":0.8638947010040283,"z":-0.28839176893234255,"w":-0.39171385765075686},"size":1.640869140625,"orthographic":false}