{"cameraMode":{"drawMode":0,"name":"Shaded","section":"Shading Mode"},"sceneLighting":false,"audioPlay":false,"sceneViewState":{"m_AlwaysRefresh":false,"showFog":true,"showSkybox":false,"showFlares":true,"showImageEffects":true,"showParticleSystems":true,"showVisualEffectGraphs":true,"m_FxEnabled":true},"in2DMode":false,"pivot":{"x":-4.221519470214844,"y":15.29623794555664,"z":-0.1391075849533081},"rotation":{"x":0.0026697367429733278,"y":-0.9526833295822144,"z":0.3047657012939453,"w":0.006045822519809008},"size":2.8597536087036135,"orthographic":false}