{"cameraMode":{"drawMode":0,"name":"Shaded","section":"Shading Mode"},"sceneLighting":false,"audioPlay":false,"sceneViewState":{"m_AlwaysRefresh":false,"showFog":true,"showSkybox":false,"showFlares":true,"showImageEffects":true,"showParticleSystems":true,"showVisualEffectGraphs":true,"m_FxEnabled":true},"in2DMode":false,"pivot":{"x":-1.7201498746871949,"y":14.76358699798584,"z":-22.690261840820314},"rotation":{"x":0.031557973474264148,"y":0.9312627911567688,"z":-0.09097462892532349,"w":0.35413825511932375},"size":11.301811218261719,"orthographic":false}