{"cameraMode":{"drawMode":0,"name":"Shaded","section":"Shading Mode"},"sceneLighting":false,"audioPlay":false,"sceneViewState":{"m_AlwaysRefresh":false,"showFog":true,"showSkybox":false,"showFlares":true,"showImageEffects":true,"showParticleSystems":true,"showVisualEffectGraphs":true,"m_FxEnabled":true},"in2DMode":false,"pivot":{"x":-10.365750312805176,"y":18.446149826049806,"z":4.0116682052612309},"rotation":{"x":-0.04124518111348152,"y":0.08658991754055023,"z":0.0003413864178583026,"w":0.9963662028312683},"size":8.401655197143555,"orthographic":false}