{"cameraMode":{"drawMode":0,"name":"Shaded","section":"Shading Mode"},"sceneLighting":false,"audioPlay":false,"sceneViewState":{"m_AlwaysRefresh":false,"showFog":true,"showSkybox":false,"showFlares":true,"showImageEffects":true,"showParticleSystems":true,"showVisualEffectGraphs":true,"m_FxEnabled":true},"in2DMode":false,"pivot":{"x":-11.919936180114746,"y":17.035995483398439,"z":-10.4232177734375},"rotation":{"x":0.030613776296377183,"y":-0.9335029721260071,"z":0.07117913663387299,"w":0.35290002822875979},"size":3.076160192489624,"orthographic":false}